Workbook

Sheet Реквизиты
A1: АОСР — общие реквизиты проекта
A3: Объект | B3: Учебный объект (вымышленно)
A4: Номер проекта | B4: DEMO-2026
A5: Адрес | B5: Учебная улица, дом 1
A6: Заказчик | B6: Учебный заказчик
A7: Подрядчик | B7: ООО «Пример-Кровля» (вымышленно)
A8: Проектировщик | B8: Проектное бюро «Образец» (вымышленно)
A9: Шифр проекта | B9: TEST-ROOF-2026
A10: Стройконтроль / инженер ПТО | B10: Инженер ПТО (демо)
A11: Представитель заказчика | B11: Представитель заказчика (демо)
A12: Город | B12: Примерный город
A14: СТАТУС: ЧЕРНОВИК. Не утверждённая форма АОСР. Требуется ручной контроль.

Sheet Ввод_работ
A1: Акты скрытых работ — редактируемая таблица
A2: Жёлтые ячейки редактируются. Изменения отражаются в листах Акт_01…Акт_15 после пересчёта Excel.
A4: № акта | B4: Вид работ | C4: Начало | D4: Окончание | E4: Дата акта | F4: № схемы | G4: Наименование схемы | H4: Материалы и документы качества | I4: Объём по схеме | J4: Ед. | K4: Позиция КС-2 | L4: Примечание
A5: 1.0 | B5: Гидроизоляция кровли, зона А (демо) | C5: 2026-10-01 | D5: 2026-10-02 | E5: 2026-10-02 | F5: ИС-01 | H5: Учебный сертификат № DEMO-001 (не реальный документ) | I5: 5 | J5: м² | K5: КС2-01
A6: 1.1 | B6: Гидроизоляция кровли, зона Б (демо) | C6: 2026-10-03 | D6: 2026-10-04 | E6: 2026-10-04 | F6: ИС-02 | H6: Учебный сертификат № DEMO-001 (не реальный документ) | I6: 7.5 | J6: м² | K6: КС2-01
A7: 1.2 | B7: Укладка утеплителя, зона А (демо) | C7: 2026-10-04 | D7: 2026-10-05 | E7: 2026-10-05 | F7: ИС-03 | H7: Учебный паспорт № DEMO-002 (не реальный документ) | I7: 22 | J7: м² | K7: КС2-02
A8: 1.3
A9: 1.4
A10: 1.5
A11: 1.6
A12: 1.7
A13: 1.8
A14: 1.9
A15: 1.10
A16: 1.11
A17: 1.12
A18: 1.13
A19: 1.14

Sheet КС-2
A1: Позиции КС-2 — сопоставление по количеству
A2: Укажите ID позиции на листе Ввод_работ. КС-2 и АОСР — разные документы; числовая сверка не является приёмкой.
A4: ID позиции | B4: Наименование | C4: Количество КС-2 | D4: Ед. | E4: Сумма объёмов АОСР | F4: Ед. сопоставления | G4: Разница (КС-2 – АОСР)
A5: КС2-01 | B5: Устройство гидроизоляции кровли — учебная позиция | C5: 12.5 | D5: м² | E5: =SUMIF(Ввод_работ!$K$5:$K$19,A5,Ввод_работ!$I$5:$I$19) -> 12.5 | F5: м² | G5: =C5-E5 -> 0
A6: КС2-02 | B6: Утепление кровли — учебная позиция | C6: 24 | D6: м² | E6: =SUMIF(Ввод_работ!$K$5:$K$19,A6,Ввод_работ!$I$5:$I$19) -> 22 | F6: м² | G6: =C6-E6 -> 2

Sheet Сверка
A1: Протокол технической проверки — моментальный снимок
A2: Заполнено актов: 3 · ошибок: 0 · предупреждений: 1. Для повторной проверки после правок импортируйте XLSX в приложение.
A4: Позиция | B4: Описание | C4: Объём АОСР | D4: Объём КС-2 | E4: Ед. | F4: Статус
A5: КС2-01 | B5: Устройство гидроизоляции кровли — учебная позиция | C5: 12,5 | D5: 12,5 | E5: м² | F5: quantity_correlates
A6: КС2-02 | B6: Утепление кровли — учебная позиция | C6: 22 | D6: 24 | E6: м² | F6: difference
A9: Тип | B9: Номер акта | C9: Код | D9: Замечание
A10: warning | C10: qty_difference | D10: Позиция КС-2 КС2-02: сумма объёмов АОСР 22 м², в КС-2 24 м². Сверить с инженером и сметчиком.

Sheet Акт_01
A1: ЧЕРНОВИК — Акт освидетельствования скрытых работ
A2: Экспериментальная форма; для подписания необходим утверждённый шаблон и проверка инженера.
A4: Номер акта | D4: =Ввод_работ!A5 -> 1.0
A5: Объект | D5: =Реквизиты!B3 -> Учебный объект (вымышленно)
A6: Адрес | D6: =Реквизиты!B5 -> Учебная улица, дом 1, Примерный город
A7: Заказчик | D7: =Реквизиты!B6 -> Учебный заказчик
A8: Подрядчик | D8: =Реквизиты!B7 -> ООО «Пример-Кровля» (вымышленно)
A9: Проектировщик | D9: =Реквизиты!B8 -> Проектное бюро «Образец» (вымышленно)
A10: Дата акта | D10: =Ввод_работ!E5 -> 2026-10-02
A11: Предъявленные скрытые работы | D11: =Ввод_работ!B5 -> Гидроизоляция кровли, зона А (демо)
A12: Начало работ | D12: =Ввод_работ!C5 -> 2026-10-01
A13: Окончание работ | D13: =Ввод_работ!D5 -> 2026-10-02
A14: Исполнительная схема | D14: =Ввод_работ!F5 -> ИС-01
A15: Описание схемы | D15: =Ввод_работ!G5
A16: Материалы и документы качества | D16: =Ввод_работ!H5 -> Учебный сертификат № DEMO-001 (не реальный документ)
A17: Фактический объём | D17: =Ввод_работ!I5 -> 5
A18: Единица | D18: =Ввод_работ!J5 -> м²
A19: Код позиции КС-2 | D19: =Ввод_работ!K5 -> КС2-01
A20: Примечания | D20: =Ввод_работ!L5
A23: Подписи ставятся участниками после фактического освидетельствования и проверки приложений.
A25: Заказчик ______________________ | E25: Исполнитель ______________________

Sheet Акт_02
A1: ЧЕРНОВИК — Акт освидетельствования скрытых работ
A2: Экспериментальная форма; для подписания необходим утверждённый шаблон и проверка инженера.
A4: Номер акта | D4: =Ввод_работ!A6 -> 1.1
A5: Объект | D5: =Реквизиты!B3 -> Учебный объект (вымышленно)
A6: Адрес | D6: =Реквизиты!B5 -> Учебная улица, дом 1, Примерный город
A7: Заказчик | D7: =Реквизиты!B6 -> Учебный заказчик
A8: Подрядчик | D8: =Реквизиты!B7 -> ООО «Пример-Кровля» (вымышленно)
A9: Проектировщик | D9: =Реквизиты!B8 -> Проектное бюро «Образец» (вымышленно)
A10: Дата акта | D10: =Ввод_работ!E6 -> 2026-10-04
A11: Предъявленные скрытые работы | D11: =Ввод_работ!B6 -> Гидроизоляция кровли, зона Б (демо)
A12: Начало работ | D12: =Ввод_работ!C6 -> 2026-10-03
A13: Окончание работ | D13: =Ввод_работ!D6 -> 2026-10-04
A14: Исполнительная схема | D14: =Ввод_работ!F6 -> ИС-02
A15: Описание схемы | D15: =Ввод_работ!G6
A16: Материалы и документы качества | D16: =Ввод_работ!H6 -> Учебный сертификат № DEMO-001 (не реальный документ)
A17: Фактический объём | D17: =Ввод_работ!I6 -> 7.5
A18: Единица | D18: =Ввод_работ!J6 -> м²
A19: Код позиции КС-2 | D19: =Ввод_работ!K6 -> КС2-01
A20: Примечания | D20: =Ввод_работ!L6
A23: Подписи ставятся участниками после фактического освидетельствования и проверки приложений.
A25: Заказчик ______________________ | E25: Исполнитель ______________________

Sheet Акт_03
A1: ЧЕРНОВИК — Акт освидетельствования скрытых работ
A2: Экспериментальная форма; для подписания необходим утверждённый шаблон и проверка инженера.
A4: Номер акта | D4: =Ввод_работ!A7 -> 1.2
A5: Объект | D5: =Реквизиты!B3 -> Учебный объект (вымышленно)
A6: Адрес | D6: =Реквизиты!B5 -> Учебная улица, дом 1, Примерный город
A7: Заказчик | D7: =Реквизиты!B6 -> Учебный заказчик
A8: Подрядчик | D8: =Реквизиты!B7 -> ООО «Пример-Кровля» (вымышленно)
A9: Проектировщик | D9: =Реквизиты!B8 -> Проектное бюро «Образец» (вымышленно)
A10: Дата акта | D10: =Ввод_работ!E7 -> 2026-10-05
A11: Предъявленные скрытые работы | D11: =Ввод_работ!B7 -> Укладка утеплителя, зона А (демо)
A12: Начало работ | D12: =Ввод_работ!C7 -> 2026-10-04
A13: Окончание работ | D13: =Ввод_работ!D7 -> 2026-10-05
A14: Исполнительная схема | D14: =Ввод_работ!F7 -> ИС-03
A15: Описание схемы | D15: =Ввод_работ!G7
A16: Материалы и документы качества | D16: =Ввод_работ!H7 -> Учебный паспорт № DEMO-002 (не реальный документ)
A17: Фактический объём | D17: =Ввод_работ!I7 -> 22
A18: Единица | D18: =Ввод_работ!J7 -> м²
A19: Код позиции КС-2 | D19: =Ввод_работ!K7 -> КС2-02
A20: Примечания | D20: =Ввод_работ!L7
A23: Подписи ставятся участниками после фактического освидетельствования и проверки приложений.
A25: Заказчик ______________________ | E25: Исполнитель ______________________

Sheet Акт_04
A1: ЧЕРНОВИК — Акт освидетельствования скрытых работ
A2: Экспериментальная форма; для подписания необходим утверждённый шаблон и проверка инженера.
A4: Номер акта | D4: =Ввод_работ!A8 -> 1.3
A5: Объект | D5: =Реквизиты!B3 -> Учебный объект (вымышленно)
A6: Адрес | D6: =Реквизиты!B5 -> Учебная улица, дом 1, Примерный город
A7: Заказчик | D7: =Реквизиты!B6 -> Учебный заказчик
A8: Подрядчик | D8: =Реквизиты!B7 -> ООО «Пример-Кровля» (вымышленно)
A9: Проектировщик | D9: =Реквизиты!B8 -> Проектное бюро «Образец» (вымышленно)
A10: Дата акта | D10: =Ввод_работ!E8
A11: Предъявленные скрытые работы | D11: =Ввод_работ!B8
A12: Начало работ | D12: =Ввод_работ!C8
A13: Окончание работ | D13: =Ввод_работ!D8
A14: Исполнительная схема | D14: =Ввод_работ!F8
A15: Описание схемы | D15: =Ввод_работ!G8
A16: Материалы и документы качества | D16: =Ввод_работ!H8
A17: Фактический объём | D17: =Ввод_работ!I8
A18: Единица | D18: =Ввод_работ!J8
A19: Код позиции КС-2 | D19: =Ввод_работ!K8
A20: Примечания | D20: =Ввод_работ!L8
A23: Подписи ставятся участниками после фактического освидетельствования и проверки приложений.
A25: Заказчик ______________________ | E25: Исполнитель ______________________

Sheet Акт_05
A1: ЧЕРНОВИК — Акт освидетельствования скрытых работ
A2: Экспериментальная форма; для подписания необходим утверждённый шаблон и проверка инженера.
A4: Номер акта | D4: =Ввод_работ!A9 -> 1.4
A5: Объект | D5: =Реквизиты!B3 -> Учебный объект (вымышленно)
A6: Адрес | D6: =Реквизиты!B5 -> Учебная улица, дом 1, Примерный город
A7: Заказчик | D7: =Реквизиты!B6 -> Учебный заказчик
A8: Подрядчик | D8: =Реквизиты!B7 -> ООО «Пример-Кровля» (вымышленно)
A9: Проектировщик | D9: =Реквизиты!B8 -> Проектное бюро «Образец» (вымышленно)
A10: Дата акта | D10: =Ввод_работ!E9
A11: Предъявленные скрытые работы | D11: =Ввод_работ!B9
A12: Начало работ | D12: =Ввод_работ!C9
A13: Окончание работ | D13: =Ввод_работ!D9
A14: Исполнительная схема | D14: =Ввод_работ!F9
A15: Описание схемы | D15: =Ввод_работ!G9
A16: Материалы и документы качества | D16: =Ввод_работ!H9
A17: Фактический объём | D17: =Ввод_работ!I9
A18: Единица | D18: =Ввод_работ!J9
A19: Код позиции КС-2 | D19: =Ввод_работ!K9
A20: Примечания | D20: =Ввод_работ!L9
A23: Подписи ставятся участниками после фактического освидетельствования и проверки приложений.
A25: Заказчик ______________________ | E25: Исполнитель ______________________

Sheet Акт_06
A1: ЧЕРНОВИК — Акт освидетельствования скрытых работ
A2: Экспериментальная форма; для подписания необходим утверждённый шаблон и проверка инженера.
A4: Номер акта | D4: =Ввод_работ!A10 -> 1.5
A5: Объект | D5: =Реквизиты!B3 -> Учебный объект (вымышленно)
A6: Адрес | D6: =Реквизиты!B5 -> Учебная улица, дом 1, Примерный город
A7: Заказчик | D7: =Реквизиты!B6 -> Учебный заказчик
A8: Подрядчик | D8: =Реквизиты!B7 -> ООО «Пример-Кровля» (вымышленно)
A9: Проектировщик | D9: =Реквизиты!B8 -> Проектное бюро «Образец» (вымышленно)
A10: Дата акта | D10: =Ввод_работ!E10
A11: Предъявленные скрытые работы | D11: =Ввод_работ!B10
A12: Начало работ | D12: =Ввод_работ!C10
A13: Окончание работ | D13: =Ввод_работ!D10
A14: Исполнительная схема | D14: =Ввод_работ!F10
A15: Описание схемы | D15: =Ввод_работ!G10
A16: Материалы и документы качества | D16: =Ввод_работ!H10
A17: Фактический объём | D17: =Ввод_работ!I10
A18: Единица | D18: =Ввод_работ!J10
A19: Код позиции КС-2 | D19: =Ввод_работ!K10
A20: Примечания | D20: =Ввод_работ!L10
A23: Подписи ставятся участниками после фактического освидетельствования и проверки приложений.
A25: Заказчик ______________________ | E25: Исполнитель ______________________

Sheet Акт_07
A1: ЧЕРНОВИК — Акт освидетельствования скрытых работ
A2: Экспериментальная форма; для подписания необходим утверждённый шаблон и проверка инженера.
A4: Номер акта | D4: =Ввод_работ!A11 -> 1.6
A5: Объект | D5: =Реквизиты!B3 -> Учебный объект (вымышленно)
A6: Адрес | D6: =Реквизиты!B5 -> Учебная улица, дом 1, Примерный город
A7: Заказчик | D7: =Реквизиты!B6 -> Учебный заказчик
A8: Подрядчик | D8: =Реквизиты!B7 -> ООО «Пример-Кровля» (вымышленно)
A9: Проектировщик | D9: =Реквизиты!B8 -> Проектное бюро «Образец» (вымышленно)
A10: Дата акта | D10: =Ввод_работ!E11
A11: Предъявленные скрытые работы | D11: =Ввод_работ!B11
A12: Начало работ | D12: =Ввод_работ!C11
A13: Окончание работ | D13: =Ввод_работ!D11
A14: Исполнительная схема | D14: =Ввод_работ!F11
A15: Описание схемы | D15: =Ввод_работ!G11
A16: Материалы и документы качества | D16: =Ввод_работ!H11
A17: Фактический объём | D17: =Ввод_работ!I11
A18: Единица | D18: =Ввод_работ!J11
A19: Код позиции КС-2 | D19: =Ввод_работ!K11
A20: Примечания | D20: =Ввод_работ!L11
A23: Подписи ставятся участниками после фактического освидетельствования и проверки приложений.
A25: Заказчик ______________________ | E25: Исполнитель ______________________

Sheet Акт_08
A1: ЧЕРНОВИК — Акт освидетельствования скрытых работ
A2: Экспериментальная форма; для подписания необходим утверждённый шаблон и проверка инженера.
A4: Номер акта | D4: =Ввод_работ!A12 -> 1.7
A5: Объект | D5: =Реквизиты!B3 -> Учебный объект (вымышленно)
A6: Адрес | D6: =Реквизиты!B5 -> Учебная улица, дом 1, Примерный город
A7: Заказчик | D7: =Реквизиты!B6 -> Учебный заказчик
A8: Подрядчик | D8: =Реквизиты!B7 -> ООО «Пример-Кровля» (вымышленно)
A9: Проектировщик | D9: =Реквизиты!B8 -> Проектное бюро «Образец» (вымышленно)
A10: Дата акта | D10: =Ввод_работ!E12
A11: Предъявленные скрытые работы | D11: =Ввод_работ!B12
A12: Начало работ | D12: =Ввод_работ!C12
A13: Окончание работ | D13: =Ввод_работ!D12
A14: Исполнительная схема | D14: =Ввод_работ!F12
A15: Описание схемы | D15: =Ввод_работ!G12
A16: Материалы и документы качества | D16: =Ввод_работ!H12
A17: Фактический объём | D17: =Ввод_работ!I12
A18: Единица | D18: =Ввод_работ!J12
A19: Код позиции КС-2 | D19: =Ввод_работ!K12
A20: Примечания | D20: =Ввод_работ!L12
A23: Подписи ставятся участниками после фактического освидетельствования и проверки приложений.
A25: Заказчик ______________________ | E25: Исполнитель ______________________

Sheet Акт_09
A1: ЧЕРНОВИК — Акт освидетельствования скрытых работ
A2: Экспериментальная форма; для подписания необходим утверждённый шаблон и проверка инженера.
A4: Номер акта | D4: =Ввод_работ!A13 -> 1.8
A5: Объект | D5: =Реквизиты!B3 -> Учебный объект (вымышленно)
A6: Адрес | D6: =Реквизиты!B5 -> Учебная улица, дом 1, Примерный город
A7: Заказчик | D7: =Реквизиты!B6 -> Учебный заказчик
A8: Подрядчик | D8: =Реквизиты!B7 -> ООО «Пример-Кровля» (вымышленно)
A9: Проектировщик | D9: =Реквизиты!B8 -> Проектное бюро «Образец» (вымышленно)
A10: Дата акта | D10: =Ввод_работ!E13
A11: Предъявленные скрытые работы | D11: =Ввод_работ!B13
A12: Начало работ | D12: =Ввод_работ!C13
A13: Окончание работ | D13: =Ввод_работ!D13
A14: Исполнительная схема | D14: =Ввод_работ!F13
A15: Описание схемы | D15: =Ввод_работ!G13
A16: Материалы и документы качества | D16: =Ввод_работ!H13
A17: Фактический объём | D17: =Ввод_работ!I13
A18: Единица | D18: =Ввод_работ!J13
A19: Код позиции КС-2 | D19: =Ввод_работ!K13
A20: Примечания | D20: =Ввод_работ!L13
A23: Подписи ставятся участниками после фактического освидетельствования и проверки приложений.
A25: Заказчик ______________________ | E25: Исполнитель ______________________

Sheet Акт_10
A1: ЧЕРНОВИК — Акт освидетельствования скрытых работ
A2: Экспериментальная форма; для подписания необходим утверждённый шаблон и проверка инженера.
A4: Номер акта | D4: =Ввод_работ!A14 -> 1.9
A5: Объект | D5: =Реквизиты!B3 -> Учебный объект (вымышленно)
A6: Адрес | D6: =Реквизиты!B5 -> Учебная улица, дом 1, Примерный город
A7: Заказчик | D7: =Реквизиты!B6 -> Учебный заказчик
A8: Подрядчик | D8: =Реквизиты!B7 -> ООО «Пример-Кровля» (вымышленно)
A9: Проектировщик | D9: =Реквизиты!B8 -> Проектное бюро «Образец» (вымышленно)
A10: Дата акта | D10: =Ввод_работ!E14
A11: Предъявленные скрытые работы | D11: =Ввод_работ!B14
A12: Начало работ | D12: =Ввод_работ!C14
A13: Окончание работ | D13: =Ввод_работ!D14
A14: Исполнительная схема | D14: =Ввод_работ!F14
A15: Описание схемы | D15: =Ввод_работ!G14
A16: Материалы и документы качества | D16: =Ввод_работ!H14
A17: Фактический объём | D17: =Ввод_работ!I14
A18: Единица | D18: =Ввод_работ!J14
A19: Код позиции КС-2 | D19: =Ввод_работ!K14
A20: Примечания | D20: =Ввод_работ!L14
A23: Подписи ставятся участниками после фактического освидетельствования и проверки приложений.
A25: Заказчик ______________________ | E25: Исполнитель ______________________

Sheet Акт_11
A1: ЧЕРНОВИК — Акт освидетельствования скрытых работ
A2: Экспериментальная форма; для подписания необходим утверждённый шаблон и проверка инженера.
A4: Номер акта | D4: =Ввод_работ!A15 -> 1.10
A5: Объект | D5: =Реквизиты!B3 -> Учебный объект (вымышленно)
A6: Адрес | D6: =Реквизиты!B5 -> Учебная улица, дом 1, Примерный город
A7: Заказчик | D7: =Реквизиты!B6 -> Учебный заказчик
A8: Подрядчик | D8: =Реквизиты!B7 -> ООО «Пример-Кровля» (вымышленно)
A9: Проектировщик | D9: =Реквизиты!B8 -> Проектное бюро «Образец» (вымышленно)
A10: Дата акта | D10: =Ввод_работ!E15
A11: Предъявленные скрытые работы | D11: =Ввод_работ!B15
A12: Начало работ | D12: =Ввод_работ!C15
A13: Окончание работ | D13: =Ввод_работ!D15
A14: Исполнительная схема | D14: =Ввод_работ!F15
A15: Описание схемы | D15: =Ввод_работ!G15
A16: Материалы и документы качества | D16: =Ввод_работ!H15
A17: Фактический объём | D17: =Ввод_работ!I15
A18: Единица | D18: =Ввод_работ!J15
A19: Код позиции КС-2 | D19: =Ввод_работ!K15
A20: Примечания | D20: =Ввод_работ!L15
A23: Подписи ставятся участниками после фактического освидетельствования и проверки приложений.
A25: Заказчик ______________________ | E25: Исполнитель ______________________

Sheet Акт_12
A1: ЧЕРНОВИК — Акт освидетельствования скрытых работ
A2: Экспериментальная форма; для подписания необходим утверждённый шаблон и проверка инженера.
A4: Номер акта | D4: =Ввод_работ!A16 -> 1.11
A5: Объект | D5: =Реквизиты!B3 -> Учебный объект (вымышленно)
A6: Адрес | D6: =Реквизиты!B5 -> Учебная улица, дом 1, Примерный город
A7: Заказчик | D7: =Реквизиты!B6 -> Учебный заказчик
A8: Подрядчик | D8: =Реквизиты!B7 -> ООО «Пример-Кровля» (вымышленно)
A9: Проектировщик | D9: =Реквизиты!B8 -> Проектное бюро «Образец» (вымышленно)
A10: Дата акта | D10: =Ввод_работ!E16
A11: Предъявленные скрытые работы | D11: =Ввод_работ!B16
A12: Начало работ | D12: =Ввод_работ!C16
A13: Окончание работ | D13: =Ввод_работ!D16
A14: Исполнительная схема | D14: =Ввод_работ!F16
A15: Описание схемы | D15: =Ввод_работ!G16
A16: Материалы и документы качества | D16: =Ввод_работ!H16
A17: Фактический объём | D17: =Ввод_работ!I16
A18: Единица | D18: =Ввод_работ!J16
A19: Код позиции КС-2 | D19: =Ввод_работ!K16
A20: Примечания | D20: =Ввод_работ!L16
A23: Подписи ставятся участниками после фактического освидетельствования и проверки приложений.
A25: Заказчик ______________________ | E25: Исполнитель ______________________

Sheet Акт_13
A1: ЧЕРНОВИК — Акт освидетельствования скрытых работ
A2: Экспериментальная форма; для подписания необходим утверждённый шаблон и проверка инженера.
A4: Номер акта | D4: =Ввод_работ!A17 -> 1.12
A5: Объект | D5: =Реквизиты!B3 -> Учебный объект (вымышленно)
A6: Адрес | D6: =Реквизиты!B5 -> Учебная улица, дом 1, Примерный город
A7: Заказчик | D7: =Реквизиты!B6 -> Учебный заказчик
A8: Подрядчик | D8: =Реквизиты!B7 -> ООО «Пример-Кровля» (вымышленно)
A9: Проектировщик | D9: =Реквизиты!B8 -> Проектное бюро «Образец» (вымышленно)
A10: Дата акта | D10: =Ввод_работ!E17
A11: Предъявленные скрытые работы | D11: =Ввод_работ!B17
A12: Начало работ | D12: =Ввод_работ!C17
A13: Окончание работ | D13: =Ввод_работ!D17
A14: Исполнительная схема | D14: =Ввод_работ!F17
A15: Описание схемы | D15: =Ввод_работ!G17
A16: Материалы и документы качества | D16: =Ввод_работ!H17
A17: Фактический объём | D17: =Ввод_работ!I17
A18: Единица | D18: =Ввод_работ!J17
A19: Код позиции КС-2 | D19: =Ввод_работ!K17
A20: Примечания | D20: =Ввод_работ!L17
A23: Подписи ставятся участниками после фактического освидетельствования и проверки приложений.
A25: Заказчик ______________________ | E25: Исполнитель ______________________

Sheet Акт_14
A1: ЧЕРНОВИК — Акт освидетельствования скрытых работ
A2: Экспериментальная форма; для подписания необходим утверждённый шаблон и проверка инженера.
A4: Номер акта | D4: =Ввод_работ!A18 -> 1.13
A5: Объект | D5: =Реквизиты!B3 -> Учебный объект (вымышленно)
A6: Адрес | D6: =Реквизиты!B5 -> Учебная улица, дом 1, Примерный город
A7: Заказчик | D7: =Реквизиты!B6 -> Учебный заказчик
A8: Подрядчик | D8: =Реквизиты!B7 -> ООО «Пример-Кровля» (вымышленно)
A9: Проектировщик | D9: =Реквизиты!B8 -> Проектное бюро «Образец» (вымышленно)
A10: Дата акта | D10: =Ввод_работ!E18
A11: Предъявленные скрытые работы | D11: =Ввод_работ!B18
A12: Начало работ | D12: =Ввод_работ!C18
A13: Окончание работ | D13: =Ввод_работ!D18
A14: Исполнительная схема | D14: =Ввод_работ!F18
A15: Описание схемы | D15: =Ввод_работ!G18
A16: Материалы и документы качества | D16: =Ввод_работ!H18
A17: Фактический объём | D17: =Ввод_работ!I18
A18: Единица | D18: =Ввод_работ!J18
A19: Код позиции КС-2 | D19: =Ввод_работ!K18
A20: Примечания | D20: =Ввод_работ!L18
A23: Подписи ставятся участниками после фактического освидетельствования и проверки приложений.
A25: Заказчик ______________________ | E25: Исполнитель ______________________

Sheet Акт_15
A1: ЧЕРНОВИК — Акт освидетельствования скрытых работ
A2: Экспериментальная форма; для подписания необходим утверждённый шаблон и проверка инженера.
A4: Номер акта | D4: =Ввод_работ!A19 -> 1.14
A5: Объект | D5: =Реквизиты!B3 -> Учебный объект (вымышленно)
A6: Адрес | D6: =Реквизиты!B5 -> Учебная улица, дом 1, Примерный город
A7: Заказчик | D7: =Реквизиты!B6 -> Учебный заказчик
A8: Подрядчик | D8: =Реквизиты!B7 -> ООО «Пример-Кровля» (вымышленно)
A9: Проектировщик | D9: =Реквизиты!B8 -> Проектное бюро «Образец» (вымышленно)
A10: Дата акта | D10: =Ввод_работ!E19
A11: Предъявленные скрытые работы | D11: =Ввод_работ!B19
A12: Начало работ | D12: =Ввод_работ!C19
A13: Окончание работ | D13: =Ввод_работ!D19
A14: Исполнительная схема | D14: =Ввод_работ!F19
A15: Описание схемы | D15: =Ввод_работ!G19
A16: Материалы и документы качества | D16: =Ввод_работ!H19
A17: Фактический объём | D17: =Ввод_работ!I19
A18: Единица | D18: =Ввод_работ!J19
A19: Код позиции КС-2 | D19: =Ввод_работ!K19
A20: Примечания | D20: =Ввод_работ!L19
A23: Подписи ставятся участниками после фактического освидетельствования и проверки приложений.
A25: Заказчик ______________________ | E25: Исполнитель ______________________

Sheet Инструкция
A1: Инструкция / ограничения
A3: Редактируйте лист «Реквизиты» и «Ввод_работ».
A4: Листы Акт_01…Акт_15 ссылаются на общие данные и таблицу работ.
A5: Лист «КС-2» содержит числовую сверку; проверяйте единицы измерения.
A6: Лист «Сверка» — моментальный снимок, после правок экспортируйте из приложения заново.
A7: Файл — ЧЕРНОВИК, не является утверждённым документом и не подтверждает соблюдение законодательства.
